{
  "robust": false,
  "loc": [0.48293063044548035, 0.44492557644844055, 0.3957090973854065],
  "scale": [0.2592383325099945, 0.25327032804489136, 0.2598187029361725],
  "img_size": 224
}
